--
-- PostgreSQL database dump
--

-- Dumped from database version 16.6 (Ubuntu 16.6-0ubuntu0.24.04.1)
-- Dumped by pg_dump version 16.6 (Ubuntu 16.6-0ubuntu0.24.04.1)

SET statement_timeout = 0;
SET lock_timeout = 0;
SET idle_in_transaction_session_timeout = 0;
SET client_encoding = 'UTF8';
SET standard_conforming_strings = on;
SELECT pg_catalog.set_config('search_path', '', false);
SET check_function_bodies = false;
SET xmloption = content;
SET client_min_messages = warning;
SET row_security = off;

SET default_tablespace = '';

SET default_table_access_method = heap;

--
-- Name: Post; Type: TABLE; Schema: public; Owner: postgres
--

CREATE TABLE public."Post" (
    id text NOT NULL,
    title text NOT NULL,
    slug text NOT NULL,
    excerpt text,
    content text NOT NULL,
    thumbnail text,
    published boolean DEFAULT false NOT NULL,
    "categoryId" text NOT NULL,
    "subcategoryId" text,
    tags text[],
    "seoTitle" text,
    "seoDescription" text,
    "seoKeywords" text,
    "createdAt" timestamp(3) without time zone DEFAULT CURRENT_TIMESTAMP NOT NULL,
    "updatedAt" timestamp(3) without time zone NOT NULL,
    "authorId" text NOT NULL
);


ALTER TABLE public."Post" OWNER TO postgres;

--
-- Name: PostCategory; Type: TABLE; Schema: public; Owner: postgres
--

CREATE TABLE public."PostCategory" (
    id text NOT NULL,
    title text NOT NULL,
    description text,
    thumbnail text,
    slug text NOT NULL,
    "seoTitle" text,
    "seoDescription" text,
    "seoKeywords" text,
    "createdAt" timestamp(3) without time zone DEFAULT CURRENT_TIMESTAMP NOT NULL,
    "updatedAt" timestamp(3) without time zone NOT NULL
);


ALTER TABLE public."PostCategory" OWNER TO postgres;

--
-- Name: PostSubCategory; Type: TABLE; Schema: public; Owner: postgres
--

CREATE TABLE public."PostSubCategory" (
    id text NOT NULL,
    title text NOT NULL,
    description text,
    thumbnail text,
    slug text NOT NULL,
    "seoTitle" text,
    "seoDescription" text,
    "seoKeywords" text,
    "createdAt" timestamp(3) without time zone DEFAULT CURRENT_TIMESTAMP NOT NULL,
    "updatedAt" timestamp(3) without time zone NOT NULL,
    "categoryId" text NOT NULL,
    "parentCategoryId" text
);


ALTER TABLE public."PostSubCategory" OWNER TO postgres;

--
-- Data for Name: Post; Type: TABLE DATA; Schema: public; Owner: postgres
--

COPY public."Post" (id, title, slug, excerpt, content, thumbnail, published, "categoryId", "subcategoryId", tags, "seoTitle", "seoDescription", "seoKeywords", "createdAt", "updatedAt", "authorId") FROM stdin;
cm74pshhb0003h5cov2c4lly7	Hacking Your Sleep: Science-Backed Strategies for a Better Night's Rest	hacking-your-sleep-science-backed-strategies-for-a-better-night-s-rest	Are you tired of tossing and turning, longing for a good night's sleep?  You're not alone.  Many people struggle with sleep issues, but the good news is that there are science-backed strategies you can implement to improve your sleep quality and duration. This article delves into evidence-based techniques to help you "hack" your sleep and wake up feeling refreshed and revitalized.	<p>Are you tired of tossing and turning, longing for a good night's sleep? You're not alone. Many people struggle with sleep issues, but the good news is that there are science-backed strategies you can implement to improve your sleep quality and duration. This article delves into evidence-based techniques to help you "hack" your sleep and wake up feeling refreshed and revitalized.</p><p><br></p><p><strong>Understanding the Science of Sleep:</strong></p><p>Sleep is a complex process involving various stages and cycles. Understanding the science behind sleep can empower you to make informed choices about your sleep habits.</p><ul><li><strong>Circadian Rhythm:</strong> This internal clock regulates your sleep-wake cycle, influenced by external cues like light and darkness.</li><li><strong>Sleep Stages:</strong> We cycle through different sleep stages throughout the night, including light sleep, deep sleep, and REM sleep (rapid eye movement), each playing a unique role in physical and cognitive restoration.</li></ul><p><br></p><p><strong>Evidence-Based Strategies for Better Sleep:</strong></p><ul><li><strong>Light Exposure:</strong> Exposure to natural sunlight during the day helps regulate your circadian rhythm. Conversely, minimize exposure to artificial light, especially blue light from electronic devices, in the evening.</li><li><strong>Temperature Regulation:</strong> A cool bedroom temperature (around 60-67 degrees Fahrenheit) is ideal for sleep. Your body's core temperature naturally drops during sleep, and a cooler environment facilitates this process.</li><li><strong>Noise Reduction:</strong> Minimize noise distractions in your bedroom. Consider using earplugs, a white noise machine, or a fan to create a more peaceful sleep environment.</li><li><strong>Dietary Considerations:</strong> A balanced diet rich in fruits, vegetables, and whole grains supports healthy sleep. Limit caffeine and alcohol intake, especially before bed. Certain foods, like cherries and fatty fish, contain natural melatonin, which may promote sleep.</li><li><strong>Supplementation:</strong> Melatonin supplements can be helpful for regulating circadian rhythms, particularly for jet lag or shift work. However, it's essential to consult with a healthcare professional before taking any supplements.</li><li><strong>Exercise and Movement:</strong> Regular physical activity can improve sleep quality and reduce sleep latency (the time it takes to fall asleep). However, avoid intense exercise close to bedtime.</li><li><strong>Stress Management:</strong> Chronic stress can significantly impact sleep. Practice stress-reducing techniques like meditation, mindfulness, or yoga.</li><li><strong>Technology and Sleep:</strong> Limit screen time before bed. The blue light emitted from electronic devices can suppress melatonin production and disrupt sleep. Create a "technology-free zone" in your bedroom.</li><li><strong>Guided Imagery and Meditation:</strong> These techniques can help calm the mind and promote relaxation, making it easier to fall asleep. There are numerous apps and audio guides available to assist with these practices.</li><li><strong>Progressive Muscle Relaxation (PMR):</strong> This technique involves tensing and relaxing different muscle groups in your body, helping to release tension and promote relaxation.</li></ul><p><br></p><p><strong>The Military Sleep Method:</strong> This technique, developed for military personnel, combines progressive muscle relaxation with visualization to quickly fall asleep in stressful environments. While its effectiveness is largely anecdotal, many find it helpful for reducing pre-sleep anxiety.</p><p><br></p><p><strong>Building a Personalized Sleep Plan:</strong></p><p>Experiment with different strategies to find what works best for you. Consistency is key. By prioritizing sleep and implementing evidence-based techniques, you can significantly improve your sleep quality and wake up feeling refreshed and ready to take on the day.</p><p><br></p><p>Sleep is not a luxury; it's a fundamental pillar of health and well-being. By understanding the science of sleep and implementing the strategies outlined in this article, you can "hack" your sleep and unlock the numerous benefits of a truly restful night. Remember to consult with a healthcare professional if you have persistent sleep problems.</p>	/uploads/upload-1739534270467-278922648.jpg	t	cm74liob2000y5f65z1twa7jq	cm74lkp7p00125f65uq8qa8th	{"Hacking Your Sleep","Strategies for a Better Night's Rest","Better Sleep"}	Hacking Your Sleep: Science-Backed Strategies for a Better Night's Rest	Are you tired of tossing and turning, longing for a good night's sleep?  You're not alone.  Many people struggle with sleep issues, but the good news is that there are science-backed strategies you can implement to improve your sleep quality and duration. This article delves into evidence-based techniques to help you "hack" your sleep and wake up feeling refreshed and revitalized.	sleep,strategies for Better Sleep,Better Sleep	2025-02-14 11:57:50.591	2025-02-22 14:42:47.324	cm73nnd59000cfzn7ur5rvrvj
cm7j1e4oo0005x3zaituokt2q	Sleep Advice for Shift Workers: Strategies for Better Rest	sleep-advice-for-shift-workers-strategies-for-better-rest	Shift work can disrupt sleep and health, but with strategies like maintaining a consistent sleep schedule, creating a restful environment, and using naps wisely, shift workers can improve their sleep quality and overall well-being.	<p><span style="background-color: oklch(0.99 0.004 106.471); color: oklch(0.304 0.04 213.681);">Shift work can be incredibly demanding, often disrupting natural sleep patterns and leading to fatigue. To combat these challenges, it’s essential to follow </span><strong style="background-color: oklch(0.99 0.004 106.471); color: var(--tw-prose-bold);">sleep advice for shift workers</strong><span style="background-color: oklch(0.99 0.004 106.471); color: oklch(0.304 0.04 213.681);"> that promotes better rest and overall well-being. This guide explores practical strategies to help shift workers improve their sleep quality and maintain energy levels throughout their day.</span></p><p><br></p><h2><span style="background-color: oklch(0.99 0.004 106.471); color: oklch(0.304 0.04 213.681);">Understanding the Importance of Sleep for Shift Workers</span></h2><p><span style="background-color: oklch(0.99 0.004 106.471); color: oklch(0.304 0.04 213.681);">Shift workers often face irregular schedules that interfere with their circadian rhythm—the body’s internal clock responsible for regulating sleep. Disruptions to this rhythm can cause insomnia, fatigue, and long-term health issues. Following </span><strong style="background-color: oklch(0.99 0.004 106.471); color: var(--tw-prose-bold);">sleep advice for shift workers</strong><span style="background-color: oklch(0.99 0.004 106.471); color: oklch(0.304 0.04 213.681);"> is crucial to align your sleep habits with your work demands, ensuring better rest and improved health.</span></p><h2><span style="background-color: oklch(0.99 0.004 106.471); color: oklch(0.304 0.04 213.681);">1. </span><strong style="background-color: oklch(0.99 0.004 106.471); color: inherit;">Prioritize Sleep as a Non-Negotiable</strong></h2><p><span style="background-color: oklch(0.99 0.004 106.471); color: oklch(0.304 0.04 213.681);">The first and most important piece of </span><strong style="background-color: oklch(0.99 0.004 106.471); color: var(--tw-prose-bold);">sleep advice for shift workers</strong><span style="background-color: oklch(0.99 0.004 106.471); color: oklch(0.304 0.04 213.681);"> is to treat sleep as a priority. Aim for 7-9 hours of sleep within a 24-hour period, even if it means splitting your rest into multiple sessions. Inform family and friends about your schedule to minimize interruptions during your sleeping hours.</span></p><h2><span style="background-color: oklch(0.99 0.004 106.471); color: oklch(0.304 0.04 213.681);">2. </span><strong style="background-color: oklch(0.99 0.004 106.471); color: inherit;">Maintain a Consistent Sleep Schedule</strong></h2><p><span style="background-color: oklch(0.99 0.004 106.471); color: oklch(0.304 0.04 213.681);">Consistency is key when it comes to </span><strong style="background-color: oklch(0.99 0.004 106.471); color: var(--tw-prose-bold);">sleep advice for shift workers</strong><span style="background-color: oklch(0.99 0.004 106.471); color: oklch(0.304 0.04 213.681);">. Try to go to bed and wake up at the same time every day, even on days off. For rotating shifts, gradually adjust your schedule by shifting bedtime and wake time by 1-2 hours in the days leading up to your new shift.</span></p><h2><span style="background-color: oklch(0.99 0.004 106.471); color: oklch(0.304 0.04 213.681);">3. </span><strong style="background-color: oklch(0.99 0.004 106.471); color: inherit;">Create a Sleep-Friendly Environment</strong></h2><p><span style="background-color: oklch(0.99 0.004 106.471); color: oklch(0.304 0.04 213.681);">A conducive sleep environment is essential for better rest. As part of </span><strong style="background-color: oklch(0.99 0.004 106.471); color: var(--tw-prose-bold);">sleep advice for shift workers</strong><span style="background-color: oklch(0.99 0.004 106.471); color: oklch(0.304 0.04 213.681);">, ensure your bedroom is cool, dark, and quiet. Use blackout curtains or an eye mask to block out light, earplugs or white noise machines to reduce noise, and invest in a comfortable mattress and pillows.</span></p><h2><span style="background-color: oklch(0.99 0.004 106.471); color: oklch(0.304 0.04 213.681);">4. </span><strong style="background-color: oklch(0.99 0.004 106.471); color: inherit;">Use Strategic Napping</strong></h2><p><span style="background-color: oklch(0.99 0.004 106.471); color: oklch(0.304 0.04 213.681);">Napping is one of the most effective tools in </span><strong style="background-color: oklch(0.99 0.004 106.471); color: var(--tw-prose-bold);">sleep advice for shift workers</strong><span style="background-color: oklch(0.99 0.004 106.471); color: oklch(0.304 0.04 213.681);">. A short nap (20-30 minutes) before a night shift can boost alertness and energy levels. If possible, take another nap during your break or “lunch hour” at work. Avoid napping too close to your main sleep period to prevent disrupting your nighttime rest.</span></p><h2><span style="background-color: oklch(0.99 0.004 106.471); color: oklch(0.304 0.04 213.681);">5. </span><strong style="background-color: oklch(0.99 0.004 106.471); color: inherit;">Develop a Relaxing Pre-Sleep Routine</strong></h2><p><span style="background-color: oklch(0.99 0.004 106.471); color: oklch(0.304 0.04 213.681);">A calming pre-sleep routine can signal your body that it’s time to wind down—an essential element of </span><strong style="background-color: oklch(0.99 0.004 106.471); color: var(--tw-prose-bold);">sleep advice for shift workers</strong><span style="background-color: oklch(0.99 0.004 106.471); color: oklch(0.304 0.04 213.681);">. Engage in activities like taking a warm shower, meditating, or reading before bed. Avoid screens and stimulants like caffeine or nicotine in the hours leading up to sleep.</span></p><h2><span style="background-color: oklch(0.99 0.004 106.471); color: oklch(0.304 0.04 213.681);">6. </span><strong style="background-color: oklch(0.99 0.004 106.471); color: inherit;">Be Mindful of Light Exposure</strong></h2><p><span style="background-color: oklch(0.99 0.004 106.471); color: oklch(0.304 0.04 213.681);">Light exposure plays a significant role in regulating circadian rhythms. As part of </span><strong style="background-color: oklch(0.99 0.004 106.471); color: var(--tw-prose-bold);">sleep advice for shift workers</strong><span style="background-color: oklch(0.99 0.004 106.471); color: oklch(0.304 0.04 213.681);">, limit exposure to bright light before bed by wearing blue-light-blocking glasses or dimming lights at home. Conversely, expose yourself to bright light immediately upon waking to signal your body that it’s time to be alert.</span></p><h2><span style="background-color: oklch(0.99 0.004 106.471); color: oklch(0.304 0.04 213.681);">7. </span><strong style="background-color: oklch(0.99 0.004 106.471); color: inherit;">Communicate with Your Employer</strong></h2><p><span style="background-color: oklch(0.99 0.004 106.471); color: oklch(0.304 0.04 213.681);">Advocating for a manageable schedule is critical in implementing effective </span><strong style="background-color: oklch(0.99 0.004 106.471); color: var(--tw-prose-bold);">sleep advice for shift workers</strong><span style="background-color: oklch(0.99 0.004 106.471); color: oklch(0.304 0.04 213.681);">. If possible, request shifts that rotate clockwise (day → evening → night) as this aligns better with the body’s natural rhythm. Discuss options like shorter rotations or consistent shifts with your employer.</span></p><h2><span style="background-color: oklch(0.99 0.004 106.471); color: oklch(0.304 0.04 213.681);">8. </span><strong style="background-color: oklch(0.99 0.004 106.471); color: inherit;">Stay Active During Shifts</strong></h2><p><span style="background-color: oklch(0.99 0.004 106.471); color: oklch(0.304 0.04 213.681);">Physical activity during work hours can help combat fatigue—a vital aspect of </span><strong style="background-color: oklch(0.99 0.004 106.471); color: var(--tw-prose-bold);">sleep advice for shift workers</strong><span style="background-color: oklch(0.99 0.004 106.471); color: oklch(0.304 0.04 213.681);">. Incorporate short walks or light stretching exercises into your breaks to stay energized and alert throughout your shift.</span></p><p><br></p><h2><span style="background-color: oklch(0.99 0.004 106.471); color: oklch(0.304 0.04 213.681);">Implement Sleep Advice for Shift Workers</span></h2><p><span style="background-color: oklch(0.99 0.004 106.471); color: oklch(0.304 0.04 213.681);">By following these strategies, you can take control of your rest despite the challenges of irregular work hours. Prioritize rest, maintain consistency in your schedule, create an optimal sleep environment, and use naps strategically—all essential components of effective </span><strong style="background-color: oklch(0.99 0.004 106.471); color: var(--tw-prose-bold);">sleep advice for shift workers</strong><span style="background-color: oklch(0.99 0.004 106.471); color: oklch(0.304 0.04 213.681);">.</span></p><p><span style="background-color: oklch(0.99 0.004 106.471); color: oklch(0.304 0.04 213.681);">Don’t let shift work compromise your health and energy levels! Start applying this </span><strong style="background-color: oklch(0.99 0.004 106.471); color: var(--tw-prose-bold);">sleep advice for shift workers</strong><span style="background-color: oklch(0.99 0.004 106.471); color: oklch(0.304 0.04 213.681);"> today to achieve better rest and improve your overall well-being.</span></p><p><br></p>	/uploads/1740564137384-angq3-Untitled design (22).jpg	t	cm74liob2000y5f65z1twa7jq	cm74lmf5l00165f650jy5c5o6	{"shift work sleep tips","sleep quality improvement","better sleep strategies","managing fatigue sleep","sleep environment","pre-sleep routine"}	Sleep Advice for Shift Workers: Effective Strategies for Better Rest	Discover actionable sleep advice for shift workers! Learn how to prioritize rest, create a sleep-friendly environment, use naps effectively, and manage light exposure for better sleep quality.	sleep advice for shift workers, better rest strategies, shift worker sleep tips, improving sleep quality, managing fatigue in shift work	2025-02-24 12:31:22.68	2025-02-26 10:02:18.735	cm7bp89cc0000r49hf1jzyq9u
cm7iz9svj0001x3zavam94hys	10 Tips to Beat Insomnia: Your Ultimate Guide to Better Sleep	10-tips-to-beat-insomnia-your-ultimate-guide-to-better-sleep	Struggling with sleepless nights? Insomnia can significantly impact your health and productivity. This blog shares 10 effective tips to beat insomnia and help you reclaim restful nights. One key tip is keeping regular sleep hours, going to bed and waking up at the same time daily.	<p><span style="background-color: oklch(0.99 0.004 106.471); color: oklch(0.304 0.04 213.681);">Struggling with sleepless nights? Insomnia can take a significant toll on your health, mood, and overall productivity. It’s a common issue that affects millions of people worldwide, leading to fatigue, irritability, and decreased cognitive function. In this comprehensive blog post, we’ll share </span><strong style="background-color: oklch(0.99 0.004 106.471); color: var(--tw-prose-bold);">10 effective tips to beat insomnia</strong><span style="background-color: oklch(0.99 0.004 106.471); color: oklch(0.304 0.04 213.681);"> and help you reclaim your restful nights. By incorporating these strategies into your daily routine, you can enjoy improved sleep quality and wake up feeling refreshed and energized.</span></p><p><br></p><h2><span style="background-color: oklch(0.99 0.004 106.471); color: oklch(0.304 0.04 213.681);">What is Insomnia?</span></h2><p><span style="background-color: oklch(0.99 0.004 106.471); color: oklch(0.304 0.04 213.681);">Insomnia is a sleep disorder characterized by difficulty falling asleep, staying asleep, or waking up too early and not being able to return to sleep. It can be caused by various factors, including stress, anxiety, poor sleep habits, medical conditions, or medications. The consequences of insomnia extend beyond just feeling tired; it can lead to serious health issues such as weakened immune function, weight gain, and increased risk of chronic diseases.</span></p><p><span style="background-color: oklch(0.99 0.004 106.471); color: oklch(0.304 0.04 213.681);">The good news? You can take control of your sleep with these </span><strong style="background-color: oklch(0.99 0.004 106.471); color: var(--tw-prose-bold);">10 tips to beat insomnia</strong><span style="background-color: oklch(0.99 0.004 106.471); color: oklch(0.304 0.04 213.681);">. Implementing even a few of these strategies can lead to significant improvements in your sleep quality.</span></p><p><br></p><h2><span style="background-color: oklch(0.99 0.004 106.471); color: oklch(0.304 0.04 213.681);">1. </span><strong style="background-color: oklch(0.99 0.004 106.471); color: inherit;">Stick to a Sleep Schedule</strong></h2><p><span style="background-color: oklch(0.99 0.004 106.471); color: oklch(0.304 0.04 213.681);">One of the most effective </span><strong style="background-color: oklch(0.99 0.004 106.471); color: var(--tw-prose-bold);">tips to beat insomnia</strong><span style="background-color: oklch(0.99 0.004 106.471); color: oklch(0.304 0.04 213.681);"> is to establish a consistent sleep schedule. Going to bed and waking up at the same time every day helps regulate your internal clock. This consistency signals your body when it’s time to sleep and when it’s time to be awake. Aim for 7-9 hours of sleep each night, and try not to deviate from your schedule—even on weekends. This practice will help you fall asleep faster and wake up feeling more rested.</span></p><h2><span style="background-color: oklch(0.99 0.004 106.471); color: oklch(0.304 0.04 213.681);">2. </span><strong style="background-color: oklch(0.99 0.004 106.471); color: inherit;">Optimize Your Sleep Environment</strong></h2><p><span style="background-color: oklch(0.99 0.004 106.471); color: oklch(0.304 0.04 213.681);">Creating a sleep-friendly environment is crucial for overcoming insomnia. Your bedroom should be a sanctuary for rest. Keep the room dark by using blackout curtains or an eye mask to block out light. Maintain a cool temperature (around 60-67°F or 15-19°C is ideal) and minimize noise with earplugs or a white noise machine. Additionally, invest in a comfortable mattress and supportive pillows that suit your sleeping style. A well-designed sleep environment can significantly enhance the quality of your rest.</span></p><h2><span style="background-color: oklch(0.99 0.004 106.471); color: oklch(0.304 0.04 213.681);">3. </span><strong style="background-color: oklch(0.99 0.004 106.471); color: inherit;">Limit Screen Time Before Bed</strong></h2><p><span style="background-color: oklch(0.99 0.004 106.471); color: oklch(0.304 0.04 213.681);">The blue light emitted by screens from phones, tablets, and computers can interfere with melatonin production—the hormone responsible for regulating sleep cycles. To combat this effect, aim to turn off electronic devices at least one hour before bedtime. Instead of scrolling through social media or watching TV, consider engaging in relaxing activities such as reading a physical book, practicing gentle stretching exercises, or enjoying calming music. This shift from screen time to relaxation is one of the most impactful </span><strong style="background-color: oklch(0.99 0.004 106.471); color: var(--tw-prose-bold);">tips to beat insomnia</strong><span style="background-color: oklch(0.99 0.004 106.471); color: oklch(0.304 0.04 213.681);">.</span></p><h2><span style="background-color: oklch(0.99 0.004 106.471); color: oklch(0.304 0.04 213.681);">4. </span><strong style="background-color: oklch(0.99 0.004 106.471); color: inherit;">Watch What You Eat and Drink</strong></h2><p><span style="background-color: oklch(0.99 0.004 106.471); color: oklch(0.304 0.04 213.681);">Your diet plays a significant role in your ability to fall asleep and stay asleep. Avoid consuming caffeine (found in coffee, tea, chocolate, and some sodas) in the afternoon and evening as it can disrupt your sleep patterns. Alcohol may seem like a sedative initially but often leads to fragmented sleep later in the night. Additionally, heavy meals close to bedtime can cause discomfort that interferes with rest. Instead, opt for light snacks if you feel hungry before bed—foods rich in magnesium or tryptophan (like bananas or yogurt) may promote better sleep.</span></p><h2><span style="background-color: oklch(0.99 0.004 106.471); color: oklch(0.304 0.04 213.681);">5. </span><strong style="background-color: oklch(0.99 0.004 106.471); color: inherit;">Exercise Regularly</strong></h2><p><span style="background-color: oklch(0.99 0.004 106.471); color: oklch(0.304 0.04 213.681);">Engaging in regular physical activity has numerous benefits for both physical health and mental well-being—and it’s also one of the most effective </span><strong style="background-color: oklch(0.99 0.004 106.471); color: var(--tw-prose-bold);">tips to beat insomnia</strong><span style="background-color: oklch(0.99 0.004 106.471); color: oklch(0.304 0.04 213.681);">! Exercise helps reduce stress levels and anxiety while promoting relaxation. Aim for at least 30 minutes of moderate exercise most days of the week; activities like walking, swimming, or yoga are excellent options. However, avoid vigorous workouts close to bedtime as they may keep you alert when you should be winding down.</span></p><h2><span style="background-color: oklch(0.99 0.004 106.471); color: oklch(0.304 0.04 213.681);">6. </span><strong style="background-color: oklch(0.99 0.004 106.471); color: inherit;">Establish a Relaxing Bedtime Routine</strong></h2><p><span style="background-color: oklch(0.99 0.004 106.471); color: oklch(0.304 0.04 213.681);">Creating a calming pre-sleep routine signals your body that it’s time to wind down for the night. Consider incorporating activities that help you relax into your evening routine—this could include taking a warm bath with soothing scents like lavender, practicing deep breathing exercises or meditation, or enjoying gentle stretches before bed. Establishing this routine not only helps you transition into sleep mode but also reinforces positive associations with bedtime.</span></p><h2><span style="background-color: oklch(0.99 0.004 106.471); color: oklch(0.304 0.04 213.681);">7. </span><strong style="background-color: oklch(0.99 0.004 106.471); color: inherit;">Manage Stress Effectively</strong></h2><p><span style="background-color: oklch(0.99 0.004 106.471); color: oklch(0.304 0.04 213.681);">Stress and anxiety are major contributors to insomnia for many individuals. Finding effective ways to manage stress is essential for improving sleep quality. Techniques such as mindfulness meditation, journaling about your thoughts and feelings before bed, or engaging in hobbies that bring you joy can help alleviate anxiety levels during the day so they don’t carry over into the night.</span></p><h2><span style="background-color: oklch(0.99 0.004 106.471); color: oklch(0.304 0.04 213.681);">8. </span><strong style="background-color: oklch(0.99 0.004 106.471); color: inherit;">Use Your Bed Only for Sleep</strong></h2><p><span style="background-color: oklch(0.99 0.004 106.471); color: oklch(0.304 0.04 213.681);">To strengthen the mental association between bed and sleep—a crucial element in combating insomnia—reserve your bed for sleeping and intimacy only. Avoid working on your laptop or watching television while in bed; this practice helps condition your brain to associate the bed with rest rather than activity or stress.</span></p><h2><span style="background-color: oklch(0.99 0.004 106.471); color: oklch(0.304 0.04 213.681);">9. </span><strong style="background-color: oklch(0.99 0.004 106.471); color: inherit;">Avoid Daytime Naps</strong></h2><p><span style="background-color: oklch(0.99 0.004 106.471); color: oklch(0.304 0.04 213.681);">While napping can be tempting—especially if you’re feeling tired during the day—it may disrupt your nighttime sleep schedule if done excessively or too late in the day. If you must nap, limit it to 20-30 minutes earlier in the afternoon so it doesn’t interfere with your ability to fall asleep at night.</span></p><h2><span style="background-color: oklch(0.99 0.004 106.471); color: oklch(0.304 0.04 213.681);">10. </span><strong style="background-color: oklch(0.99 0.004 106.471); color: inherit;">Seek Professional Help if Needed</strong></h2><p><span style="background-color: oklch(0.99 0.004 106.471); color: oklch(0.304 0.04 213.681);">If insomnia persists despite trying these tips, don’t hesitate to consult a healthcare provider or sleep specialist who can help identify underlying issues contributing to your sleeplessness. They may recommend cognitive-behavioral therapy for insomnia (CBT-I), medication options, or other tailored solutions designed specifically for your needs.</span></p><p><br></p><h2><span style="background-color: oklch(0.99 0.004 106.471); color: oklch(0.304 0.04 213.681);">Take Charge of Your Sleep</span></h2><p><span style="background-color: oklch(0.99 0.004 106.471); color: oklch(0.304 0.04 213.681);">By following these </span><strong style="background-color: oklch(0.99 0.004 106.471); color: var(--tw-prose-bold);">10 tips to beat insomnia</strong><span style="background-color: oklch(0.99 0.004 106.471); color: oklch(0.304 0.04 213.681);">, you can transform restless nights into peaceful slumber filled with restorative restfulness that rejuvenates both body and mind each day! Remember that consistency is key—stick with these strategies over time and give your body the opportunity it needs to adjust for lasting results.</span></p><p><span style="background-color: oklch(0.99 0.004 106.471); color: oklch(0.304 0.04 213.681);">Don’t let insomnia control your life any longer! Start implementing these tips today and explore other resources available on our blog for more insights into improving sleep quality and overall well-being! Sweet dreams await!</span></p><p><br></p>	/uploads/1740564273450-shvji5-Untitled design (23).jpg	t	cm74liob2000y5f65z1twa7jq	cm74llk2700145f65ail8fvr4	{insomnia,"sleep tips","better sleep","overcoming insomnia","relaxation techniques"}	10 Tips to Beat Insomnia: Effective Strategies for Better Sleep	Struggling with sleepless nights? Discover 10 practical tips to beat insomnia and improve your sleep quality. From establishing a sleep schedule to creating a relaxing bedtime routine, learn how to reclaim restful nights and wake up refreshed.	insomnia tips	2025-02-24 11:32:01.519	2025-02-26 10:04:34.656	cm7bp89cc0000r49hf1jzyq9u
cm7kdiofc0001xyzvtklnx74a	Strategies for Waking Up Early: Effective Tips for a Productive Morning	strategies-for-waking-up-early-effective-tips-for-a-productive-morning	Waking up early can be transformative, offering benefits like increased productivity and improved mental clarity. To achieve this, use strategies for waking up early such as gradual time adjustments, consistent sleep schedules, and relaxing evening routines. Prepare the night before, find motivation in morning activities, and avoid snoozing to make early rising a sustainable habit.	<p><span style="background-color: oklch(0.99 0.004 106.471); color: oklch(0.304 0.04 213.681);">Waking up early can be a transformative habit, offering numerous benefits such as increased productivity, improved mental clarity, and a head start on the day. However, for many, becoming an early riser seems daunting. This article provides </span><strong style="background-color: oklch(0.99 0.004 106.471); color: var(--tw-prose-bold);">strategies for waking up early</strong><span style="background-color: oklch(0.99 0.004 106.471); color: oklch(0.304 0.04 213.681);">, helping you transition smoothly into a morning routine that sets you up for success.</span></p><p><br></p><h2><span style="background-color: oklch(0.99 0.004 106.471); color: oklch(0.304 0.04 213.681);">Understanding the Benefits of Waking Up Early</span></h2><p><span style="background-color: oklch(0.99 0.004 106.471); color: oklch(0.304 0.04 213.681);">Waking up early allows you to enjoy quiet time for personal development, exercise, or simply savoring a peaceful morning. It also helps you avoid the rush of the day, giving you a sense of control and accomplishment. Implementing </span><strong style="background-color: oklch(0.99 0.004 106.471); color: var(--tw-prose-bold);">strategies for waking up early</strong><span style="background-color: oklch(0.99 0.004 106.471); color: oklch(0.304 0.04 213.681);"> can lead to better time management and increased energy levels throughout the day.</span></p><h2><span style="background-color: oklch(0.99 0.004 106.471); color: oklch(0.304 0.04 213.681);">1. </span><strong style="background-color: oklch(0.99 0.004 106.471); color: inherit;">Gradual Adjustment</strong></h2><p><span style="background-color: oklch(0.99 0.004 106.471); color: oklch(0.304 0.04 213.681);">One of the most effective </span><strong style="background-color: oklch(0.99 0.004 106.471); color: var(--tw-prose-bold);">strategies for waking up early</strong><span style="background-color: oklch(0.99 0.004 106.471); color: oklch(0.304 0.04 213.681);"> is to adjust your wake-up time gradually. Start by setting your alarm 10-15 minutes earlier each day until you reach your desired wake-up time. This gradual change helps your body adapt more easily to the new schedule. For example, if you want to wake up at 6:00 AM but currently wake up at 8:00 AM, start by setting your alarm for 7:45 AM for a few days, then 7:30 AM, and so on.</span></p><h2><span style="background-color: oklch(0.99 0.004 106.471); color: oklch(0.304 0.04 213.681);">2. </span><strong style="background-color: oklch(0.99 0.004 106.471); color: inherit;">Consistent Sleep Schedule</strong></h2><p><span style="background-color: oklch(0.99 0.004 106.471); color: oklch(0.304 0.04 213.681);">Maintaining a consistent sleep schedule is crucial for waking up early. Go to bed and wake up at the same time every day, even on weekends. This consistency helps regulate your body's internal clock, making it easier to wake up naturally. Consistency also helps improve the quality of your sleep, ensuring you feel rested and refreshed in the morning.</span></p><h2><span style="background-color: oklch(0.99 0.004 106.471); color: oklch(0.304 0.04 213.681);">3. </span><strong style="background-color: oklch(0.99 0.004 106.471); color: inherit;">Create a Relaxing Evening Routine</strong></h2><p><span style="background-color: oklch(0.99 0.004 106.471); color: oklch(0.304 0.04 213.681);">Developing a calming pre-sleep routine is essential for implementing </span><strong style="background-color: oklch(0.99 0.004 106.471); color: var(--tw-prose-bold);">strategies for waking up early</strong><span style="background-color: oklch(0.99 0.004 106.471); color: oklch(0.304 0.04 213.681);">. Engage in activities like reading, meditation, or listening to soothing music to signal your body that it’s time to wind down. Avoid screens and stimulating activities before bedtime as they can interfere with your sleep quality. A relaxing evening routine helps you fall asleep faster and wake up feeling more refreshed.</span></p><h2><span style="background-color: oklch(0.99 0.004 106.471); color: oklch(0.304 0.04 213.681);">4. </span><strong style="background-color: oklch(0.99 0.004 106.471); color: inherit;">Prepare the Night Before</strong></h2><p><span style="background-color: oklch(0.99 0.004 106.471); color: oklch(0.304 0.04 213.681);">Preparing for the morning the night before can significantly enhance your ability to wake up early. Lay out your clothes, prepare your breakfast, and set your alarm across the room so you have to get out of bed to turn it off. Having a clear plan for the next day can also motivate you to rise earlier. Consider preparing a to-do list or setting reminders for important tasks to tackle in the morning.</span></p><h2><span style="background-color: oklch(0.99 0.004 106.471); color: oklch(0.304 0.04 213.681);">5. </span><strong style="background-color: oklch(0.99 0.004 106.471); color: inherit;">Find Motivation</strong></h2><p><span style="background-color: oklch(0.99 0.004 106.471); color: oklch(0.304 0.04 213.681);">Identify something exciting to do in the morning, such as exercise, journaling, or practicing yoga. This motivation will help you jump out of bed with enthusiasm, making it easier to stick to your early wake-up routine. Whether it’s a quiet moment of meditation or a challenging workout, having something to look forward to can make waking up early feel rewarding.</span></p><h2><span style="background-color: oklch(0.99 0.004 106.471); color: oklch(0.304 0.04 213.681);">6. </span><strong style="background-color: oklch(0.99 0.004 106.471); color: inherit;">Get Morning Sunlight</strong></h2><p><span style="background-color: oklch(0.99 0.004 106.471); color: oklch(0.304 0.04 213.681);">Exposure to natural light in the morning helps regulate your circadian rhythms, making it easier to wake up early. Open your curtains or take a short walk outside as soon as you wake up to get some sunlight. This natural light exposure helps signal your body that it’s time to be awake and alert.</span></p><h2><span style="background-color: oklch(0.99 0.004 106.471); color: oklch(0.304 0.04 213.681);">7. </span><strong style="background-color: oklch(0.99 0.004 106.471); color: inherit;">Avoid Snoozing</strong></h2><p><span style="background-color: oklch(0.99 0.004 106.471); color: oklch(0.304 0.04 213.681);">Never hit the snooze button. Snoozing can disrupt your sleep patterns and make it harder to wake up feeling refreshed. Instead, get out of bed immediately after your alarm goes off. Place your alarm across the room to force yourself to get up and start your day.</span></p><h2><span style="background-color: oklch(0.99 0.004 106.471); color: oklch(0.304 0.04 213.681);">8. </span><strong style="background-color: oklch(0.99 0.004 106.471); color: inherit;">Stay Hydrated</strong></h2><p><span style="background-color: oklch(0.99 0.004 106.471); color: oklch(0.304 0.04 213.681);">Drinking water as soon as you wake up can help increase alertness and kickstart your metabolism. Keep a glass of water beside your bed to remind you to hydrate first thing in the morning.</span></p><h2><span style="background-color: oklch(0.99 0.004 106.471); color: oklch(0.304 0.04 213.681);">9. </span><strong style="background-color: oklch(0.99 0.004 106.471); color: inherit;">Use Technology Wisely</strong></h2><p><span style="background-color: oklch(0.99 0.004 106.471); color: oklch(0.304 0.04 213.681);">Utilize apps and devices that help you wake up more gently, such as wake-up light alarms that simulate a sunrise by gradually increasing the light in your room. This can help signal your body that it’s time to wake up more naturally.</span></p><h2><span style="background-color: oklch(0.99 0.004 106.471); color: oklch(0.304 0.04 213.681);">10. </span><strong style="background-color: oklch(0.99 0.004 106.471); color: inherit;">Make It a Habit</strong></h2><p><span style="background-color: oklch(0.99 0.004 106.471); color: oklch(0.304 0.04 213.681);">Consistency is key when it comes to waking up early. Stick to your routine even on weekends or days off. The more consistent you are, the easier it becomes to wake up early and start your day feeling refreshed and ready.</span></p><h2><span style="background-color: oklch(0.99 0.004 106.471); color: oklch(0.304 0.04 213.681);">11. </span><strong style="background-color: oklch(0.99 0.004 106.471); color: inherit;">Engage in Morning Exercise</strong></h2><p><span style="background-color: oklch(0.99 0.004 106.471); color: oklch(0.304 0.04 213.681);">Starting your day with physical activity can boost energy levels and set a positive tone for the day. Whether it’s a brisk walk, yoga, or a full workout, exercise helps increase alertness and prepares your body for the day ahead.</span></p><h2><span style="background-color: oklch(0.99 0.004 106.471); color: oklch(0.304 0.04 213.681);">12. </span><strong style="background-color: oklch(0.99 0.004 106.471); color: inherit;">Create a Morning Routine Checklist</strong></h2><p><span style="background-color: oklch(0.99 0.004 106.471); color: oklch(0.304 0.04 213.681);">Develop a checklist of activities you want to accomplish in the morning, such as meditation, journaling, or planning your day. Having a structured routine helps you stay focused and ensures you make the most of your early morning hours.</span></p><h2><span style="background-color: oklch(0.99 0.004 106.471); color: oklch(0.304 0.04 213.681);">13. </span><strong style="background-color: oklch(0.99 0.004 106.471); color: inherit;">Incorporate Mindfulness</strong></h2><p><span style="background-color: oklch(0.99 0.004 106.471); color: oklch(0.304 0.04 213.681);">Practicing mindfulness in the morning can help you feel more centered and prepared for the day. Engage in activities like deep breathing exercises or guided meditation to enhance your mental clarity and well-being.</span></p><h2><span style="background-color: oklch(0.99 0.004 106.471); color: oklch(0.304 0.04 213.681);">14. </span><strong style="background-color: oklch(0.99 0.004 106.471); color: inherit;">Use Positive Affirmations</strong></h2><p><span style="background-color: oklch(0.99 0.004 106.471); color: oklch(0.304 0.04 213.681);">Starting your day with positive affirmations can boost motivation and set a positive mindset. Repeat phrases that inspire you to tackle the day with enthusiasm and confidence.</span></p><h2><span style="background-color: oklch(0.99 0.004 106.471); color: oklch(0.304 0.04 213.681);">15. </span><strong style="background-color: oklch(0.99 0.004 106.471); color: inherit;">Make Mornings Enjoyable</strong></h2><p><span style="background-color: oklch(0.99 0.004 106.471); color: oklch(0.304 0.04 213.681);">Find ways to make your mornings enjoyable, whether it’s listening to music, sipping a favorite coffee, or simply enjoying the quiet. When you look forward to your morning routine, waking up early becomes less of a chore.</span></p><p><br></p><h2><span style="background-color: oklch(0.99 0.004 106.471); color: oklch(0.304 0.04 213.681);">Embracing Early Mornings</span></h2><p><span style="background-color: oklch(0.99 0.004 106.471); color: oklch(0.304 0.04 213.681);">By implementing these </span><strong style="background-color: oklch(0.99 0.004 106.471); color: var(--tw-prose-bold);">strategies for waking up early</strong><span style="background-color: oklch(0.99 0.004 106.471); color: oklch(0.304 0.04 213.681);">, you can transform your mornings into a productive and fulfilling part of your day. With consistency, motivation, and a well-planned routine, waking up early becomes not just a habit but a lifestyle choice that enhances your overall well-being.</span></p><p><br></p>	/uploads/1740481056258-1572ak-Untitled design (5).jpg	t	cm74liob2000y5f65z1twa7jq	cm74lkp7p00125f65uq8qa8th	{"waking up early tips","morning routine ideas","early riser benefits","consistent sleep schedule","relaxing evening routines","morning motivation techniques"}	Strategies for Waking Up Early: Effective Tips for a Productive Morning	Discover effective strategies for waking up early! Learn how to adjust your sleep schedule, create a morning routine, and stay motivated for a more productive day.	strategies for waking up early, waking up early tips, morning routine ideas, early riser benefits, consistent sleep schedule	2025-02-25 10:58:36.457	2025-02-25 10:58:44.253	cm7bp89cc0000r49hf1jzyq9u
cm7kt82r10009xyzvufxwszom	Best Sleep Aids for the Elderly: Safe and Effective Options	best-sleep-aids-for-the-elderly-safe-and-effective-options	Finding the best sleep aid for elderly individuals involves considering safety and efficacy. Options include melatonin, ramelteon, non-benzodiazepine hypnotics, and dual orexin receptor antagonists. Always consult with a healthcare provider before starting any new sleep aid.	<h2>Best Sleep Aids for the Elderly: Safe and Effective Options</h2><p>Sleep disturbances are common among the elderly, affecting quality of life and overall health. Finding the&nbsp;<span style="color: var(--tw-prose-bold);">best sleep aid for elderly</span>&nbsp;individuals requires careful consideration of safety, efficacy, and potential side effects. This article explores various options, from non-pharmacological interventions to prescription medications, to help seniors manage insomnia effectively.</p><p><br></p><h2>Understanding Sleep Issues in the Elderly</h2><p>Chronic insomnia affects a significant portion of the elderly population, impacting daily functioning and well-being. Addressing underlying causes and adopting healthy sleep habits are crucial before considering sleep aids. However, when necessary, certain sleep aids can be beneficial. The&nbsp;<span style="color: var(--tw-prose-bold);">best sleep aid for elderly</span>&nbsp;individuals should be chosen with caution, focusing on minimizing risks and maximizing benefits.</p><p><br></p><h2>1.&nbsp;<span style="color: inherit;">Melatonin</span></h2><p>Melatonin is often considered a safe&nbsp;<span style="color: var(--tw-prose-bold);">best sleep aid for elderly</span>&nbsp;individuals when used correctly. It helps regulate sleep-wake cycles and can improve sleep onset and duration. However, product quality and efficacy may vary, so it's essential to consult with a healthcare provider before use. Melatonin is particularly beneficial for older adults due to its low potential for abuse and lack of significant withdrawal effects. Low doses of melatonin (0.5-6 mg) are recommended for improving initial sleep quality in older adults with insomnia<a href="https://pmc.ncbi.nlm.nih.gov/articles/PMC5840912/" rel="noopener noreferrer" target="_blank" style="color: oklch(var(--text-color-100)/var(--tw-text-opacity)); background-color: oklch(var(--background-color-300)/var(--tw-bg-opacity));">1</a>.</p><p><br></p><h2>2.&nbsp;<span style="color: inherit;">Ramelteon</span></h2><p>Ramelteon is an FDA-approved melatonin receptor agonist that can reduce sleep latency without significant rebound insomnia or withdrawal effects. It is well-tolerated in older adults and does not cause dependence or memory disturbances. Ramelteon is a good option for seniors who struggle with falling asleep, as it helps regulate the body's natural sleep-wake cycle. It is typically used at doses of 4 to 8 mg per day<a href="https://pmc.ncbi.nlm.nih.gov/articles/PMC5840912/" rel="noopener noreferrer" target="_blank" style="color: oklch(var(--text-color-100)/var(--tw-text-opacity)); background-color: oklch(var(--background-color-300)/var(--tw-bg-opacity));">1</a>.&nbsp;When considering the&nbsp;<span style="color: var(--tw-prose-bold);">best sleep aid for elderly</span>, ramelteon is a viable choice due to its safety profile.</p><p><br></p><h2>3.&nbsp;<span style="color: inherit;">Non-Benzodiazepine Hypnotics</span></h2><p>Non-benzodiazepines like zolpidem, eszopiclone, and zaleplon are safer alternatives to benzodiazepines for elderly patients. They are better tolerated and less likely to cause cognitive impairment or falls. However, they should be used at the lowest effective dose to minimize side effects such as daytime drowsiness and increased risk of falls<a href="https://pmc.ncbi.nlm.nih.gov/articles/PMC5840912/" rel="noopener noreferrer" target="_blank" style="color: oklch(var(--text-color-100)/var(--tw-text-opacity)); background-color: oklch(var(--background-color-300)/var(--tw-bg-opacity));">1</a>.&nbsp;These medications are effective for both sleep onset and maintenance, making them a potential&nbsp;<span style="color: var(--tw-prose-bold);">best sleep aid for elderly</span>&nbsp;individuals when used judiciously.</p><p><br></p><h2>4.&nbsp;<span style="color: inherit;">Dual Orexin Receptor Antagonists</span></h2><p>Suvorexant and lemborexant are dual orexin receptor antagonists that target wakefulness-promoting neuropeptides. They are effective in improving sleep parameters but should be used with caution due to potential side effects like somnolence and postural instability<a href="https://pmc.ncbi.nlm.nih.gov/articles/PMC5840912/" rel="noopener noreferrer" target="_blank" style="color: oklch(var(--text-color-100)/var(--tw-text-opacity)); background-color: oklch(var(--background-color-300)/var(--tw-bg-opacity));">1</a>.&nbsp;These medications are beneficial for addressing both sleep onset and maintenance insomnia, making them a consideration for the&nbsp;<span style="color: var(--tw-prose-bold);">best sleep aid for elderly</span>&nbsp;when other options are not effective.</p><p><br></p><h2>5.&nbsp;<span style="color: inherit;">Herbal Supplements</span></h2><p>Valerian root is a herbal supplement that may help with sleep, though its efficacy in elderly individuals is not well-documented. It is generally considered safe but lacks FDA approval and monitoring<a href="https://www.uspharmacist.com/article/assisting-seniors-with-insomnia-a-comprehensive-approach" rel="noopener noreferrer" target="_blank" style="color: oklch(var(--text-color-100)/var(--tw-text-opacity)); background-color: oklch(var(--background-color-300)/var(--tw-bg-opacity));">2</a>.&nbsp;Valerian root is often used for its calming effects and may be beneficial when combined with other relaxation techniques. While not the most proven&nbsp;<span style="color: var(--tw-prose-bold);">best sleep aid for elderly</span>, it can be a natural alternative worth exploring.</p><p><br></p><h2>6.&nbsp;<span style="color: inherit;">Over-the-Counter (OTC) Antihistamines</span></h2><p>Diphenhydramine and doxylamine are sedating antihistamines available OTC. However, they should be used cautiously in seniors due to potential side effects like dizziness and confusion<a href="https://www.uspharmacist.com/article/assisting-seniors-with-insomnia-a-comprehensive-approach" rel="noopener noreferrer" target="_blank" style="color: oklch(var(--text-color-100)/var(--tw-text-opacity)); background-color: oklch(var(--background-color-300)/var(--tw-bg-opacity));">2</a>.&nbsp;These medications are not recommended for long-term use due to their anticholinergic effects, which can exacerbate cognitive issues in older adults. Therefore, they are not typically considered the&nbsp;<span style="color: var(--tw-prose-bold);">best sleep aid for elderly</span>&nbsp;individuals.</p><p><br></p><h2>7.&nbsp;<span style="color: inherit;">Non-Pharmacological Interventions</span></h2><p>Before turning to sleep aids, consider non-pharmacological strategies such as maintaining a consistent sleep schedule, creating a relaxing bedtime routine, and ensuring a sleep-conducive environment. Cognitive behavioral therapy for insomnia (CBT-I) is also highly recommended as a first-line treatment<a href="https://pmc.ncbi.nlm.nih.gov/articles/PMC5840912/" rel="noopener noreferrer" target="_blank" style="color: oklch(var(--text-color-100)/var(--tw-text-opacity)); background-color: oklch(var(--background-color-300)/var(--tw-bg-opacity));">1</a>.&nbsp;These interventions are safer and can be more sustainable than medication, making them ideal for long-term management of insomnia and often considered the&nbsp;<span style="color: var(--tw-prose-bold);">best sleep aid for elderly</span>&nbsp;individuals.</p><p><br></p><h2>8.&nbsp;<span style="color: inherit;">Low-Dose Doxepin</span></h2><p>Low-dose doxepin is another option for elderly patients, particularly effective for improving sleep maintenance. It has been shown to improve sleep efficiency and total sleep time without significant residual effects<a href="https://www.aafp.org/pubs/afp/issues/2017/0701/p29.html" rel="noopener noreferrer" target="_blank" style="color: oklch(var(--text-color-100)/var(--tw-text-opacity)); background-color: oklch(var(--background-color-300)/var(--tw-bg-opacity));">3</a>.&nbsp;Doxepin is a good choice for addressing sleep maintenance issues, making it a potential&nbsp;<span style="color: var(--tw-prose-bold);">best sleep aid for elderly</span>&nbsp;individuals.</p><p><br></p><h2>Conclusion: Choosing the Best Sleep Aid</h2><p>When selecting the&nbsp;<span style="color: var(--tw-prose-bold);">best sleep aid for elderly</span>&nbsp;individuals, it's crucial to consult with a healthcare provider to ensure safety and efficacy. While some medications and supplements can be beneficial, they should be used under professional guidance and as part of a broader approach to improving sleep habits.</p>	/uploads/1740507166336-fk84yu-IMG_3742.JPG	t	cm74l1yhm00095f65pfe336r1	cm74l70b0000i5f652egfjexs	{"sleep aids for seniors","insomnia treatments for elderly","melatonin for seniors","ramelteon for insomnia"}	Best Sleep Aids for the Elderly: Safe and Effective Options	Discover safe and effective sleep aids for seniors! Learn about melatonin, ramelteon, non-benzodiazepines, and more for better sleep.\n	best sleep aid for elderly, safe sleep aids for seniors, effective insomnia treatments	2025-02-25 18:18:15.661	2025-02-25 18:18:15.661	cm7bp89cc0000r49hf1jzyq9u
cm74p3pie0001h5com8n2xnk2	Unlock the Power of Sleep: Your Guide to a Restful Night	unlock-the-power-of-sleep-your-guide-to-a-restful-night	In today's fast-paced world, quality sleep often takes a backseat. But prioritizing sleep is not a luxury—it's a necessity for optimal physical and mental well-being. This article explores the profound importance of adequate sleep, delves into common sleep disruptors like insomnia, and provides practical strategies to unlock the power of a truly restful night.	<p>In today's fast-paced world, quality sleep often takes a backseat. But prioritizing sleep is not a luxury—it's a necessity for optimal physical and mental well-being. This article explores the profound importance of adequate sleep, delves into common sleep disruptors like insomnia, and provides practical strategies to unlock the power of a truly restful night.</p><p><br></p><p><strong>The Importance of Sleep: More Than Just Rest</strong></p><p>Sleep is a fundamental biological process crucial for a wide range of bodily functions. During sleep, our bodies and minds are hard at work:</p><p><br></p><p>Insufficient sleep can have significant consequences, increasing the risk of:</p><p><br></p><p><br></p><p><strong>Conquering Insomnia and Other Sleep Disruptors</strong></p><p>Insomnia, characterized by difficulty falling asleep or staying asleep, is a prevalent issue often triggered by stress, anxiety, or poor sleep hygiene. Other sleep disorders, like sleep apnea, further complicate the pursuit of restful sleep. Breaking the cycle of sleep deprivation requires a multi-faceted approach.</p><p><br></p><p><strong>Practical Strategies for Better Sleep:</strong></p><p><br></p><p><br></p><p><strong>When to Seek Professional Help:</strong></p><p>If you consistently struggle with sleep despite implementing these strategies, it's essential to consult with a healthcare professional. They can help identify any underlying medical conditions or sleep disorders and recommend appropriate treatment options.</p><p><br></p><p><strong>Conclusion:</strong></p><p>Prioritizing sleep is an investment in your overall health and well-being. By adopting healthy sleep habits and optimizing your sleep environment, you can unlock the power of restorative sleep and experience the numerous benefits it offers for your mind, body, and daily life.</p>	/uploads/1740420449223-5dbt0o-upload-1739533114478-311608704.jpg	t	cm74liob2000y5f65z1twa7jq	cm74lkp7p00125f65uq8qa8th	{sleep,"Guide to a Restful Night","the Power of Sleep"}	Unlock the Power of Sleep: Your Guide to a Restful Night	In today's fast-paced world, quality sleep often takes a backseat. But prioritizing sleep is not a luxury—it's a necessity for optimal physical and mental well-being. This article explores the profound importance of adequate sleep, delves into common sleep disruptors like insomnia, and provides practical strategies to unlock the power of a truly restful night.	sleep,guide to a restful night,the power of sleep	2025-02-14 11:38:34.597	2025-02-24 18:07:51.679	cm73nnd59000cfzn7ur5rvrvj
cm7kglkao0005xyzvingh9grp	Sleep for Stress Management: Your Guide to Better Rest and Reduced Anxiety	sleep-for-stress-management-your-guide-to-better-rest-and-reduced-anxiety	In today's fast-paced world, stress has become an unwelcome companion for many. But what if the key to managing stress lies in something we do every night? Let's explore how sleep can be your secret weapon in the battle against stress.	<h2>The Link Between Sleep and Stress</h2><p>Sleep and stress are intimately connected, forming a cycle that can either boost or harm your well-being. When you're stressed, falling asleep becomes challenging, and poor sleep, in turn, increases stress levels.&nbsp;This vicious cycle can have profound effects on your mental and physical health.</p><p><br></p><h2>The Science Behind Sleep and Stress</h2><p>Research shows that sleep deprivation can lead to:</p><ul><li>Increased cortisol levels (the stress hormone)</li><li>Heightened anxiety</li><li>Impaired cognitive function</li><li>Weakened immune system</li></ul><p>In fact, studies have found that people who sleep less than 7-8 hours per night are 1.7 times more likely to experience high levels of stress compared to those who get adequate sleep.</p><p><br></p><h2>Benefits of Quality Sleep for Stress Management</h2><p>Getting a good night's rest isn't just about feeling refreshed; it's a powerful tool for stress management. Here's how quality sleep helps:</p><p><br></p><h2>Cortisol Regulation</h2><p>Deep sleep phases help regulate cortisol production, naturally lowering stress levels<a href="https://www.nature.com/articles/1300362" rel="noopener noreferrer" target="_blank" style="color: oklch(var(--text-color-100)/var(--tw-text-opacity)); background-color: oklch(var(--background-color-300)/var(--tw-bg-opacity));">5</a>.</p><p><br></p><h2>Improved Mood</h2><p>Adequate sleep enhances emotional regulation, making you more resilient to daily stressors<a href="https://www.cedars-sinai.org/blog/sleep-stress.html" rel="noopener noreferrer" target="_blank" style="color: oklch(var(--text-color-100)/var(--tw-text-opacity)); background-color: oklch(var(--background-color-300)/var(--tw-bg-opacity));">4</a>.</p><p><br></p><h2>Enhanced Mental Clarity</h2><p>Well-rested individuals show better problem-solving skills and decision-making abilities, crucial for managing stress effectively<a href="https://www.bcm.edu/news/how-stress-can-affect-your-sleep" rel="noopener noreferrer" target="_blank" style="color: oklch(var(--text-color-100)/var(--tw-text-opacity)); background-color: oklch(var(--background-color-300)/var(--tw-bg-opacity));">1</a>.</p><p><br></p><h2>Best Sleep Practices for Reducing Stress</h2><p>Implementing good sleep hygiene is essential for stress management. Here are some actionable tips:</p><p><br></p><h2>Create a Relaxing Bedtime Routine</h2><ul><li>Take a warm bath</li><li>Practice gentle stretching or yoga</li><li>Read a book (avoid screens)</li></ul><h2>Optimize Your Sleep Environment</h2><ul><li>Keep your bedroom cool, dark, and quiet</li><li>Invest in a comfortable mattress and pillows</li><li>Use blackout curtains if necessary</li></ul><h2>Stick to a Consistent Sleep Schedule</h2><p>Go to bed and wake up at the same time every day, even on weekends.</p><p><br></p><h2>Foods, Supplements, and Lifestyle Changes for Better Sleep</h2><p>What you consume and how you live can significantly impact your sleep quality and stress levels.</p><p><br></p><h2>Sleep-Promoting Foods</h2><ul><li>Tryptophan-rich foods (turkey, milk, bananas)</li><li>Magnesium-rich foods (nuts, seeds, leafy greens)</li><li>Herbal teas (chamomile, valerian root)</li></ul><h2>Supplements for Sleep and Stress</h2><ul><li>Melatonin</li><li>Magnesium</li><li>L-theanine</li></ul><p><span style="color: var(--tw-prose-bold);">Note:</span>&nbsp;Always consult with a healthcare professional before starting any new supplement regimen.</p><p><br></p><h2>Lifestyle Changes</h2><ul><li>Regular exercise (but not too close to bedtime)</li><li>Limit caffeine and alcohol intake, especially in the evening</li><li>Practice stress-reduction techniques throughout the day</li></ul><h2>The Role of Meditation, White Noise, and Sleep Music</h2><p>Incorporating relaxation techniques into your bedtime routine can significantly improve sleep quality and reduce stress.</p><p><br></p><h2>Meditation for Better Sleep</h2><p>Mindfulness meditation has been shown to improve sleep quality and reduce stress. Even a few minutes of practice before bed can make a difference.</p><p><br></p><h2>White Noise and Sleep Music</h2><p>Soothing sounds can mask disruptive noises and create a calming environment conducive to sleep. Pink noise, in particular, has been found to enhance deep sleep and improve memory.</p><p><br></p><h2>Common Sleep Disorders Caused by Stress and How to Overcome Them</h2><p>Stress can trigger or exacerbate various sleep disorders. Here are some common issues and strategies to address them:</p><p><br></p><h2>Insomnia</h2><ul><li>Practice cognitive behavioral therapy for insomnia (CBT-I)</li><li>Maintain a consistent sleep schedule</li><li>Avoid naps during the day</li></ul><h2>Sleep Apnea</h2><ul><li>Maintain a healthy weight</li><li>Sleep on your side</li><li>Consider using a CPAP machine if prescribed</li></ul><h2>Nighttime Anxiety</h2><ul><li>Practice relaxation techniques before bed</li><li>Keep a worry journal to offload thoughts</li><li>Consider talking to a therapist about stress management strategies</li></ul><p><br></p><h2><br></h2><p>Improving your sleep quality is a powerful way to manage stress and enhance overall well-being. By implementing the strategies outlined in this article, you can break the cycle of poor sleep and high stress, leading to a more balanced and healthier life.</p><p>Remember, change takes time. Start by incorporating one or two of these techniques into your routine and gradually build from there. Your future, well-rested self will thank you.</p><p>Ready to transform your sleep and reduce stress? Try implementing one of these sleep practices tonight and experience the difference quality rest can make in your stress levels.</p><p><br></p><p><br></p><p><br></p><p><br></p><p><br></p><p><br></p><p><br></p>	/uploads/1740486254715-q883ki-stress-management.jpg	t	cm74l8f4z000j5f65lxxwug0y	cm74lcaex000r5f65ite8uanp	{"Sleep for Stress Management","stress management"}	Sleep for Stress Management: Your Guide to Better Rest and Reduced Anxiety	In today's fast-paced world, stress has become an unwelcome companion for many. But what if the key to managing stress lies in something we do every night? Let's explore how sleep can be your secret weapon in the battle against stress.	Sleep for Stress Management	2025-02-25 12:24:49.921	2025-02-25 12:24:49.921	cm79jurj20000bmtg2c56qjsn
cm7m8157z0001t80iwq2t7kgh	Delta Waves for Sleep: Chakra Balancing for Restful Nights	delta-waves-for-sleep-chakra-balancing-for-restful-nights	Delta waves and chakra balancing might seem like unrelated concepts, but together they can form a powerful duo for achieving deeply restful sleep. If you've ever struggled with tossing and turning at night, understanding how delta waves sleep patterns work and how aligning your body's energy centers (chakras) can promote relaxation may provide the natural solution you need. This practical guide breaks down what delta waves are, why they matter for sleep, and how to blend sound-based techniques with chakra balancing practices to enjoy more rejuvenating nights.	<p><strong>Delta waves</strong> and <strong>chakra balancing</strong> might seem like unrelated concepts, but together they can form a powerful duo for achieving deeply <strong>restful sleep</strong>. If you've ever struggled with tossing and turning at night, understanding how <em>delta waves sleep</em> patterns work and how aligning your body's energy centers (chakras) can promote relaxation may provide the natural solution you need. This practical guide breaks down what delta waves are, why they matter for sleep, and how to blend sound-based techniques with chakra balancing practices to enjoy more rejuvenating nights.</p><p><br></p><h2>Understanding Delta Waves and Deep Sleep</h2><p>Delta waves are very low-frequency brain waves (about 0.5–4 Hz) that dominate during the deepest stage of non-REM sleep​.</p><p>In this <strong>deep sleep</strong> state (also known as slow-wave sleep), your brain and body go into recovery mode. These slow waves <strong>characterize the depth of sleep</strong> – the more delta activity in your brain, the deeper and more restorative your sleep tends to be. In fact, delta wave activity is so important that <em>suppression of delta waves leads to an inability of body rejuvenation, poor brain revitalization, and overall poor sleep quality</em>.</p><p>During delta sleep, the body repairs tissues, regrows cells, and restores energy. This is when <strong>memory consolidation</strong> and physical healing mostly occur. Sleep experts even note that getting enough deep sleep (rich in delta waves) is a marker of vitality – <em>in a sense, deep sleep and healthy delta wave production are a marker of biological youth</em>​.</p><p><br></p><h2>When we don’t get enough delta sleep, it impairs our ability to learn, affects our mood, and leaves us feeling unrefreshed. On the other hand, when delta waves naturally increase (for example, in early nights of sleep or with practices that encourage them), we often wake up feeling <strong>clear-minded and revitalized</strong>.</h2><h2><br></h2><h2>Benefits of Delta Waves for Restful Sleep and Relaxation</h2><p>Why are delta waves so prized for <strong>deep sleep</strong>? Here are some of the key benefits associated with delta wave activity during sleep:</p><ul><li><strong>Physical Healing and Rejuvenation:</strong> Delta sleep is when the body does most of its healing. These slow brain waves signal the release of growth hormones that repair muscles and tissues. Without adequate delta wave sleep, you’re likely to wake up tired and groggy instead of rejuvenated​.</li><li>In short, <strong>delta waves make your sleep truly restorative</strong>, helping you feel fresh and energetic by morning​</li><li><strong>Hormonal Balance &amp; Anti-Aging:</strong> In deep delta wave sleep, the brain releases beneficial hormones like <strong>DHEA and melatonin</strong> (often called anti-aging or youth hormones) and significantly lowers the production of <strong>cortisol</strong>, the stress hormone. This hormonal shift helps reduce stress levels overnight. The boost in melatonin also regulates your sleep-wake cycle, and the lower cortisol lets your body relax deeply. Together, these effects contribute to anti-aging, since high-quality sleep is linked to slower aging and better skin, immunity, and brain health​.</li><li><strong>Deep Relaxation and Tranquility:</strong> Delta wave activity is associated with a profound sense of <strong>peace</strong>. While your conscious mind is offline, delta waves allow the brain to reset. Many people report feeling more <strong>calm, emotionally balanced, and even empathetic</strong> after a night of delta-rich sleep​.</li><li> Essentially, these brain waves bring you into a state of <em>inner tranquility</em>. This can carry over into wakefulness as improved mood and patience.</li><li><strong>Immune System Support:</strong> Ever notice how a solid night’s sleep can help you recover from an illness faster? Deep sleep stages fortified by delta waves are when your immune system gets a boost. Research ties <strong>restorative sleep</strong> to better immune function, and delta waves play a big part in that process​.</li><li> By reaching slow-wave sleep consistently, you give your body time to strengthen its defenses and reduce inflammation​.</li></ul><p><br></p><p>These benefits highlight why cultivating more delta wave sleep is so valuable. The good news is that there are <strong>techniques to encourage delta wave activity</strong> at night – and one surprising aid comes from the ancient practice of chakra balancing.</p><p><br></p><h2>Chakra Balancing and Its Connection to Restful Sleep</h2><p>Chakras are believed to be <strong>seven energy centers</strong> in the body, each corresponding to certain aspects of our physical and emotional well-being (such as security, love, or intuition). You might be wondering: <em>What do chakras have to do with sleep?</em> A lot, it turns out. When your chakras are <strong>out of balance or blocked</strong>, you may experience stress, anxiety, or physical discomfort – all of which can interfere with a good night's sleep. Conversely, when these energy centers are <strong>open and balanced</strong>, you tend to feel relaxed, secure, and at peace, creating an ideal mental and emotional state for sleep.</p><p>According to holistic sleep experts, <strong>sleep issues are often linked to imbalances in certain chakras</strong> (especially the Third Eye chakra, which influences the mind and sleep cycle, and the Root chakra, which governs grounding and safety)​. </p><p><br></p><p>If you have trouble falling or staying asleep, it might be a sign that energy isn’t flowing properly through your chakras. Valerie Oula, a director of vibrational energy healing, explains that if you <em>“have difficulty sleeping, energy is not properly balanced and flowing through the chakras. Ideally, our chakras are open, spinning, and balanced, and all the chakras work together as a holistic system.”</em></p><p>​</p><p>In other words, <strong>balanced chakras</strong> contribute to a calm nervous system and a relaxed mind, which are the foundation of <strong>restful sleep</strong>.Here’s a quick overview of two chakras commonly associated with sleep and how balancing them can help:</p><ul><li><strong>Third Eye (Ajna) Chakra:</strong> Located between the eyebrows, this chakra is linked to your mind, intuition, and internal rhythms. An overactive or blocked third eye chakra might manifest as racing thoughts at bedtime or frequent nightmares. Balancing it (through meditation, visualization, or calming essential oils like lavender) can quiet the mind and regulate your sleep cycle, making it easier to drift into delta-wave sleep.</li><li><strong>Root (Muladhara) Chakra:</strong> Located at the base of the spine, the root chakra represents grounding, safety, and stability. When you feel anxious, unsafe, or financially insecure, this chakra may be disturbed – often leading to insomnia or light sleep. Practices like grounding meditations, gentle yoga, or even a warm foot soak can help <strong>balance the root chakra</strong>, easing anxiety and promoting the sense of security needed to fall asleep deeply.</li></ul><p><br></p><p>By incorporating <strong>chakra balancing</strong> techniques into your bedtime routine, you effectively signal your body to relax. Simple practices such as doing a brief yoga sequence or a breathing exercise focused on the chakras can align your energy and prepare you for sleep. Even just <strong>visualizing each chakra</strong> opening and glowing with calm energy as you lie in bed can be a soothing ritual. The goal is to get your mind, body, and energy in harmony – setting the stage for those healing delta waves to take over when you do fall asleep​.</p><p><br></p><h2>Sleep Meditation Techniques Incorporating Delta Waves</h2><p>One of the most effective ways to harness delta waves for better sleep is through <strong>sleep meditation techniques</strong> that incorporate delta-frequency sounds. These practices combine relaxation exercises with <strong>sound therapy</strong> to coax your brain into a delta-wave state (the kind you naturally experience in deep sleep). Here are some techniques to consider:</p><ul><li><strong>Delta Wave Binaural Beats:</strong> <em>Binaural beats</em> are specialized sounds that present two slightly different tones to each ear, which the brain interprets as a rhythmic beat at a target frequency. For sleep, the target is usually in the delta range (~1–4 Hz). Listening to binaural beats designed for sleep can gradually slow down your brain activity. In fact, preliminary research found that listening to a <strong>3 Hz delta binaural beat</strong> before or during sleep induced more delta activity in the brain and <strong>lengthened time spent in deep sleep.</strong></li><li> This means the brain was spending more time in the restorative delta state, helping the listener wake up more refreshed​.</li><li>To try this, you can download a delta wave binaural beats track or find one on a meditation app/website. Use headphones for best results (since each ear needs a separate tone), set the volume to a comfortable low level, and let the audio play as you relax into sleep.</li><li><strong>Isochronic Tones and Ambient Delta Music:</strong> If headphones are not your thing, <strong>isochronic tones</strong> are an alternative. These are pulses of sound at specific intervals that don't require separate tones in each ear. Some sleep meditation tracks use gentle isochronic pulses embedded in calming music or nature sounds. These pulses can be tuned to delta frequencies to encourage your brain to sync up with a slower rhythm. The effect is similar – your brainwave activity may begin to mirror the delta pace of the sound, nudging you toward sleep. Try playing <strong>ambient music labeled for deep sleep or delta waves</strong> over speakers in your bedroom as you do your nightly routine. The key is consistency and a low, unobtrusive volume that fades into the background as you fall asleep.</li><li><strong>Guided Meditation for Chakra Alignment:</strong> Combining chakra work with delta wave sounds can amplify the sleep-inducing effect. You might use a <strong>guided sleep meditation</strong> that takes you through relaxing each part of your body and visualizing each chakra balancing, often accompanied by soft background music or tones. For example, a guided script may instruct you to breathe deeply and imagine a warm light at your root chakra, then gradually move upwards to the crown chakra, releasing tension at each point. By focusing your mind on these calming visualizations, you prevent stray anxious thoughts. The addition of soothing background <strong>delta wave audio</strong> can further lull your brain toward a sleepy state. Many meditation apps and online videos offer guided chakra meditations specifically for sleep, sometimes integrated with calming frequencies. This approach tackles insomnia on two fronts: it eases an overactive mind (through focus and visualization) <em>and</em> slows your brainwaves (through the delta frequency sound entrainment).</li></ul><p><br></p><p><strong>How do these techniques work?</strong> Essentially, they leverage a phenomenon called <em>brainwave entrainment</em>. By providing an external rhythm in the delta range, they encourage your brain's own electrical activity to follow suit. Think of it like rocking a baby with a gentle heartbeat-like rhythm – eventually the baby’s heartbeat and breathing slow down to match the calming rhythm, leading to sleep. In adults, our "baby" is the brain: give it a steady 2 or 3 Hz beat, and over time the neural activity may synchronize with that beat. Researchers have shown that even subtle audio played during sleep can <strong>prime the mind to generate more delta waves</strong> on its own​. The participants in one study had no idea sounds were being played, yet their brains responded with more regenerative delta brainwaves​.It’s important to note that while many people report great results with delta wave meditations, everyone’s brain is different. Some might feel sleepy within minutes of playing a low-frequency track, while others may need a longer adjustment period or different approach. The key is to experiment and find what style of delta-inducing meditation works best for you.</p><p><br></p><h2>Using Sound Frequencies and Guided Meditations for Better Sleep</h2><p>Beyond binaural beats and chakra-focused meditations, there are other <strong>sound frequency</strong> tools you can use to balance your energy and improve sleep quality. Sound has been used for centuries as a healing modality – consider how a lullaby soothes a baby, or how calming music can melt away stress after a long day. Here’s how you can use sound and guided sessions to your advantage for <strong>better sleep</strong>:</p><ul><li><strong>Solfeggio Frequencies for Chakra Balancing:</strong> Solfeggio frequencies are specific tones (in the audible range) historically believed to promote healing and positive energy. Each of the seven chakras is sometimes associated with particular frequencies. For example, 396 Hz is often linked to the root chakra, 528 Hz to the heart chakra, and so on. Playing music in these frequencies as you unwind at night can help <strong>clear and balance the chakras.</strong></li><li>You can play a <em>chakra tuning</em> track softly in the background while you do your evening meditation or while falling asleep. This kind of sound therapy is subtle but can be very effective in bringing a sense of harmony to your body and mind,which in turn makes it easier to sleep deeply.</li><li><strong>Guided Relaxation and Body Scan Meditations:</strong> If you find it hard to meditate on your own, try an audio-guided meditation before bed. A calm voice can lead you through progressive muscle relaxation, deep breathing, and visualization techniques. Many guided meditations explicitly target sleep by using a <strong>slow, soothing narration</strong> and incorporating pauses of silence or soft sounds. Some even include affirmations for safety and calm (addressing root chakra fears) or imagery of darkness and indigo light (addressing the third eye chakra for sleep). Look for guided meditation recordings labeled for sleep or insomnia relief. They often last 10-30 minutes and gently ease you into a drowsy state by the end. Combine this with delta wave background music for a one-two punch: the narration relaxes your conscious mind while the delta frequencies prepare your brain for sleep.</li><li><strong>White Noise and Nature Sounds with Delta Undertones:</strong> Another approach is to mask disruptive noises and create a tranquil environment using white noise or nature sounds. Steady sounds like rainfall, ocean waves, or a fan can help the brain relax by providing a constant, non-intrusive stimulus. Some sleep sound machines or apps have <strong>deep brown noise</strong> or <strong>ambient tracks</strong> that naturally emphasize low frequencies. While not explicitly delta waves, these sounds can similarly encourage a slower brain rhythm. You might even find mixes of nature sounds with a faint pulsing undertone engineered at ~2 Hz (essentially hiding delta pulses under the sound of rain or flowing water). This way, you enjoy a pleasant natural sound while also benefiting from brainwave entrainment toward the delta range.</li></ul><p><br></p><p>What do studies say about using these sound techniques? The evidence is promising, though still emerging. In addition to the 3&nbsp;Hz binaural beat study mentioned earlier, other small studies have found that <strong>listening to frequencies in the 2–8 Hz range</strong> (theta to delta waves) before sleep improved overall sleep quality, reduced daytime sleepiness, and made it easier to wake up in the morning​. Sound-based meditation can also reduce anxiety​</p><p>While more research is needed, these findings suggest that adding <em>sleep-friendly frequencies</em> to your bedtime routine can genuinely enhance your rest.Actionable Tips for Better Sleep with Delta Waves and Chakra Balancing</p><p>Ready to put these ideas into practice? Here are some <strong>practical, actionable tips</strong> to help you incorporate delta wave techniques and chakra balancing into your nightly routine:</p><ol><li><strong>Create a Calming Pre-Sleep Routine:</strong> About 30 minutes before bed, start winding down with activities that calm your mind and body. This could include gentle yoga stretches or a few minutes of mindful breathing. As part of this routine, play some <strong>soft delta wave background music</strong> or chakra-balancing tones to set a tranquil atmosphere. Consistency is key – doing this every night trains your brain to expect sleep after these cues.</li><li><strong>Use a Guided Sleep Meditation:</strong> If you're new to meditation or find it hard to concentrate, choose a <strong>guided meditation for sleep</strong> (many are available on YouTube, apps, or podcasts). Look for ones that mention delta waves, deep sleep, or chakra healing. Lie down in bed, hit play, and let the guide walk you through relaxation. For example, a guided session might instruct you to relax your toes, legs, and so on (progressive relaxation), while soft delta tones play in the background. By the end, you should feel heavy and peaceful.</li><li><strong>Incorporate Chakra Visualization:</strong> While you listen to your meditation or music, try a simple <strong>chakra visualization</strong>: starting at the top of your head (crown chakra) or the base of your spine (root chakra), imagine a warm, soothing light glowing at each chakra point. <em>Mentally travel</em> down or up the chakra chain, spending a few breaths on each. Envision each energy center becoming balanced and filled with calming energy. There's no strict rule – the idea is to shift your focus away from daily worries to a positive, calming internal image. This not only balances your chakras but also works as a form of mindfulness that preps you for sleep.</li><li><strong>Try Binaural Beats with Headphones:</strong> On nights when anxiety or an overactive mind is keeping you up, consider using <strong>binaural beats</strong> designed for delta waves. After getting into bed, put on comfortable headphones and play a delta wave sleep track (usually these are pure tones or gentle music). Ensure the room is dark and all other devices are off to minimize distractions. Focus on the hum or pulse of the sound. If your mind wanders, gently bring your attention back to the sound or your breathing. The headphones ensure each ear gets the intended frequency difference. Many people report drifting off before the track even ends. (Tip: set a timer or use an app that stops playback after an hour or so, unless you don't mind it playing all night.)</li><li><strong>Keep a Sleep Journal &amp; Adjust:</strong> When trying new techniques like delta wave meditations or chakra exercises, it’s helpful to note what works and what doesn’t. Keep a simple <strong>sleep journal</strong> by your bedside. Jot down which sound or meditation you tried and how you slept that night. Over a couple of weeks, patterns will emerge. You might discover, for instance, that a 10-minute root chakra meditation with soft drumming makes you extremely sleepy (so keep doing that!), whereas a certain high-pitched “sleep music” track irritates you (so skip that). Tailor your routine based on these observations. Everyone is unique, so <strong>listen to your body and brain</strong>. The goal is to craft a personalized, relaxing pre-sleep ritual that consistently guides you into deep, delta-wave sleep.</li></ol><p>By following these tips, you're creating a holistic approach to better sleep: calming the mind, balancing the body's energy, and gently guiding your brainwaves into a <strong>sleep-ready state</strong>.</p><h3>Final Thoughts</h3><p>Delta waves and chakra balancing might come from different traditions – one from neuroscience and sleep research, the other from ancient spiritual practice – but they converge on a common outcome: <strong>profound relaxation and healing sleep</strong>. Embracing both modern sound technology (like binaural beats and frequency therapy) and time-honored techniques (meditation and energy balancing) can enhance your nighttime routine in a powerful way.</p><p>Remember, the journey to better sleep is highly personal. It may take a bit of experimentation to find the right combination of delta wave audio, meditation, and chakra work that resonates with you. Start small: perhaps tonight, play a quiet delta wave track as you do some deep breathing. Notice the effects. Over time, you can build up a routine that might include a full guided meditation or a chakra visualization.</p><p>With patience and consistency, <strong>delta wave sleep</strong> practices paired with chakra balancing can become a natural and enjoyable part of your life. Not only can they help you fall asleep faster and sleep deeper, but they also contribute to overall well-being – you might find yourself feeling more centered, more energetic, and less stressed in your daily activities. Here's to peaceful nights and waking up with a <strong>recharged body and balanced mind</strong>! Sweet dreams.</p><p><br></p><p><br></p><p><br></p><p><br></p><p><br></p><p><br></p>	/uploads/1740592792764-o1yx5-Untitled design (24).jpg	t	cm74l1yhm00095f65pfe336r1	cm74l4gku000c5f65xqrtzhfz	{"sleep meditation","delta waves"}	Delta Waves for Sleep: Chakra Balancing for Restful Nights	Delta waves and chakra balancing might seem like unrelated concepts, but together they can form a powerful duo for achieving deeply restful sleep. If you've ever struggled with tossing and turning at night, understanding how delta waves sleep patterns work and how aligning your body's energy centers (chakras) can promote relaxation may provide the natural solution you need. This practical guide breaks down what delta waves are, why they matter for sleep, and how to blend sound-based techniques with chakra balancing practices to enjoy more rejuvenating nights.	delta waves sleep	2025-02-26 18:00:32.687	2025-02-26 18:00:32.687	cm79jurj20000bmtg2c56qjsn
\.


--
-- Data for Name: PostCategory; Type: TABLE DATA; Schema: public; Owner: postgres
--

COPY public."PostCategory" (id, title, description, thumbnail, slug, "seoTitle", "seoDescription", "seoKeywords", "createdAt", "updatedAt") FROM stdin;
cm74j5t4u00005f65rvmb8yek	Sleep for Different Lifestyles	Find Sleep for Different Lifestyles solutions—adjustable pillows, sleep trackers, and organic bedding—to support parents, professionals, travelers, and more. Achieve restful nights, energized days, and routines tailored to your unique needs!	/uploads/sleep-for-different-lifestyles-1739523134908-576756302.jpg	sleep-for-different-lifestyles	Sleep for Different Lifestyles	Find Sleep for Different Lifestyles solutions—adjustable pillows, sleep trackers, and organic bedding—to support parents, professionals, travelers, and more. Achieve restful nights, energized days, and routines tailored to your unique needs!	Sleep lifestyle, Sleep issues, Lifestyle	2025-02-14 08:52:14.91	2025-02-14 08:52:14.91
cm74l1yhm00095f65pfe336r1	Healing Sleep Energy	Explore Healing Sleep Energy solutions—herbal blends, supplements, and guided meditations—for deep restorative sleep, renewed energy, and natural balance. Recharge and transform your nights!	/uploads/healing-sleep-energy-1739526314457-110631305.jpg	healing-sleep-energy	Healing Sleep Energy	Explore Healing Sleep Energy solutions—herbal blends, supplements, and guided meditations—for deep restorative sleep, renewed energy, and natural balance. Recharge and transform your nights!	Sleep issues, Insomnia, Sleep Healing	2025-02-14 09:45:14.458	2025-02-14 09:45:14.458
cm74l8f4z000j5f65lxxwug0y	Relaxation & Stress Relief	Discover Relaxation & Stress Relief solutions—aromatherapy, mindfulness tools, supplements—to reduce anxiety, improve sleep, and restore balance. Unwind and find calm today!	/uploads/relaxation-stress-relief-1739526615970-721918975.jpg	relaxation-stress-relief	Relaxation & Stress Relief	Discover Relaxation & Stress Relief solutions—aromatherapy, mindfulness tools, supplements—to reduce anxiety, improve sleep, and restore balance. Unwind and find calm today!	Relaxation, Stress Relief, Relax	2025-02-14 09:50:15.971	2025-02-14 09:50:15.971
cm74liob2000y5f65z1twa7jq	Sleep Tips & Techniques	Discover effective sleep tips & techniques to improve your rest. Learn how to fall asleep faster, sleep deeper, and wake up refreshed with expert advice.	/uploads/sleep-tips-techniques-1739527094413-906320663.jpg	sleep-tips-techniques	Sleep Tips & Techniques	Discover effective sleep tips & techniques to improve your rest. Learn how to fall asleep faster, sleep deeper, and wake up refreshed with expert advice.	sleep,sleep techniques, sleep tips	2025-02-14 09:58:14.414	2025-02-14 09:58:14.414
\.


--
-- Data for Name: PostSubCategory; Type: TABLE DATA; Schema: public; Owner: postgres
--

COPY public."PostSubCategory" (id, title, description, thumbnail, slug, "seoTitle", "seoDescription", "seoKeywords", "createdAt", "updatedAt", "categoryId", "parentCategoryId") FROM stdin;
cm74knom900045f65tsjf1cam	Sleep for Seniors	Sleep for Seniors	/uploads/sleep-for-seniors-1739525648479-972295110.jpg	sleep-for-seniors	Sleep for Seniors	Sleep for Seniors	Sleep for Seniors	2025-02-14 09:34:08.481	2025-02-14 09:34:08.481	cm74j5t4u00005f65rvmb8yek	\N
cm74l09hi00065f65wsnkqnb8	Sleep for Parents	Sleep for Parents	/uploads/sleep-for-parents-1739526235396-918440834.jpg	sleep-for-parents	Sleep for Parents	Sleep for Parents	Sleep for Parents	2025-02-14 09:43:55.398	2025-02-14 09:43:55.398	cm74j5t4u00005f65rvmb8yek	\N
cm74l0zv200085f65wjqymjx5	Sleep for Professionals	Sleep for Professionals	/uploads/sleep-for-professionals-1739526269580-317151442.jpg	sleep-for-professionals	Sleep for Professionals	Sleep for Professionals	Sleep for Professionals	2025-02-14 09:44:29.582	2025-02-14 09:44:29.582	cm74j5t4u00005f65rvmb8yek	\N
cm74l4gku000c5f65xqrtzhfz	Chakra Balancing for Restful Nights	Chakra Balancing for Restful Nights	/uploads/chakra-balancing-for-restful-nights-1739526431213-922814064.jpg	chakra-balancing-for-restful-nights	Chakra Balancing for Restful Nights	Chakra Balancing for Restful Nights	Chakra Balancing for Restful Nights	2025-02-14 09:47:11.214	2025-02-14 09:47:11.214	cm74l1yhm00095f65pfe336r1	\N
cm74l5iax000e5f65u4gh7oad	Crystal Healing for Sleep	Crystal Healing for Sleep	/uploads/crystal-healing-for-sleep-1739526480104-635853760.jpg	crystal-healing-for-sleep	Crystal Healing for Sleep	Crystal Healing for Sleep	Crystal Healing for Sleep	2025-02-14 09:48:00.105	2025-02-14 09:48:00.105	cm74l1yhm00095f65pfe336r1	\N
cm74l693c000g5f65in4kfdkr	Natural Remedies	Natural Remedies	/uploads/natural-remedies-1739526514823-109706083.jpg	natural-remedies	Natural Remedies	Natural Remedies	Natural Remedies	2025-02-14 09:48:34.824	2025-02-14 09:48:34.824	cm74l1yhm00095f65pfe336r1	\N
cm74l70b0000i5f652egfjexs	Holistic Approaches	Holistic Approaches	/uploads/holistic-approaches-1739526550089-933261789.jpg	holistic-approaches	Holistic Approaches	Holistic Approaches	Holistic Approaches	2025-02-14 09:49:10.093	2025-02-14 09:49:10.093	cm74l1yhm00095f65pfe336r1	\N
cm74l93nt000l5f65n4ihr3gx	Guided Meditation for Sleep	Guided Meditation for Sleep	/uploads/guided-meditation-for-sleep-1739526647752-578907699.jpg	guided-meditation-for-sleep	Guided Meditation for Sleep	Guided Meditation for Sleep	Guided Meditation for Sleep	2025-02-14 09:50:47.753	2025-02-14 09:50:47.753	cm74l8f4z000j5f65lxxwug0y	\N
cm74l9vxh000n5f65n7tsblw1	Breathing Exercises for Relaxation	Breathing Exercises for Relaxation	/uploads/breathing-exercises-for-relaxation-1739526684381-978647451.jpg	breathing-exercises-for-relaxation	Breathing Exercises for Relaxation	Breathing Exercises for Relaxation	Breathing Exercises for Relaxation	2025-02-14 09:51:24.382	2025-02-14 09:51:24.382	cm74l8f4z000j5f65lxxwug0y	\N
cm74lbhhb000p5f65plwivfyx	Progressive Muscle Relaxation	Progressive Muscle Relaxation	/uploads/progressive-muscle-relaxation-1739526758973-476164617.jpg	progressive-muscle-relaxation	Progressive Muscle Relaxation	Progressive Muscle Relaxation	Progressive Muscle Relaxation	2025-02-14 09:52:38.975	2025-02-14 09:52:38.975	cm74l8f4z000j5f65lxxwug0y	\N
cm74lcaex000r5f65ite8uanp	Stress Management	Stress Management	/uploads/stress-management-1739526796472-156485346.jpg	stress-management	Stress Management	Stress Management	Stress Management	2025-02-14 09:53:16.473	2025-02-14 09:53:16.473	cm74l8f4z000j5f65lxxwug0y	\N
cm74lcyqy000t5f654pu35ucu	Calming Activities	Calming Activities	/uploads/calming-activities-1739526828008-181799352.jpg	calming-activities	Calming Activities	Calming Activities	Calming Activities	2025-02-14 09:53:48.01	2025-02-14 09:53:48.01	cm74l8f4z000j5f65lxxwug0y	\N
cm74lei29000v5f65d4z6gpw2	Yoga for Relaxation	Yoga for Relaxation	/uploads/yoga-for-relaxation-1739526899696-935508003.jpg	yoga-for-relaxation	Yoga for Relaxation	Yoga for Relaxation	Yoga for Relaxation	2025-02-14 09:54:59.698	2025-02-14 09:54:59.698	cm74l8f4z000j5f65lxxwug0y	\N
cm74lhngg000x5f65z8wfsssu	Aromatherapy for Sleep	Aromatherapy for Sleep	/uploads/aromatherapy-for-sleep-1739527046649-763573886.jpg	aromatherapy-for-sleep	Aromatherapy for Sleep	Aromatherapy for Sleep	Aromatherapy for Sleep	2025-02-14 09:57:26.65	2025-02-14 09:57:26.65	cm74l8f4z000j5f65lxxwug0y	\N
cm74lk2gz00105f65l1d5qxw5	Best Sleep Positions	Explore the best sleep positions for optimal comfort and health. Learn how side, back, and stomach sleeping can improve sleep quality and reduce pain.	/uploads/best-sleep-positions-1739527159426-768368237.jpg	best-sleep-positions	Best Sleep Positions	Explore the best sleep positions for optimal comfort and health. Learn how side, back, and stomach sleeping can improve sleep quality and reduce pain.	Best Sleep Positions, Sleep issues	2025-02-14 09:59:19.427	2025-02-14 09:59:19.427	cm74liob2000y5f65z1twa7jq	\N
cm74lkp7p00125f65uq8qa8th	How to Fall Asleep Faster	How to Fall Asleep Faster	/uploads/how-to-fall-asleep-faster-1739527188900-202502265.jpg	how-to-fall-asleep-faster	How to Fall Asleep Faster	How to Fall Asleep Faster	How to Fall Asleep Faster	2025-02-14 09:59:48.901	2025-02-14 09:59:48.901	cm74liob2000y5f65z1twa7jq	\N
cm74llk2700145f65ail8fvr4	Insomnia Solutions	Insomnia Solutions	/uploads/insomnia-solutions-1739527228877-797944692.jpg	insomnia-solutions	Insomnia Solutions	Insomnia Solutions	Insomnia Solutions	2025-02-14 10:00:28.879	2025-02-14 10:00:28.879	cm74liob2000y5f65z1twa7jq	\N
cm74lmf5l00165f650jy5c5o6	Daily Habits for Better Sleep	Daily Habits for Better Sleep	/uploads/daily-habits-for-better-sleep-1739527269176-951254612.jpg	daily-habits-for-better-sleep	Daily Habits for Better Sleep	Daily Habits for Better Sleep	Daily Habits for Better Sleep	2025-02-14 10:01:09.177	2025-02-14 10:01:09.177	cm74liob2000y5f65z1twa7jq	\N
cm74lmzhu00185f657enfznyl	Nighttime Routine Ideas	Nighttime Routine Ideas	/uploads/nighttime-routine-ideas-1739527295536-506233662.jpg	nighttime-routine-ideas	Nighttime Routine Ideas	Nighttime Routine Ideas	Nighttime Routine Ideas	2025-02-14 10:01:35.538	2025-02-14 10:01:35.538	cm74liob2000y5f65z1twa7jq	\N
cm74lnnmj001a5f65u7damf0c	Tech and Sleep	Tech and Sleep	/uploads/tech-and-sleep-1739527326809-814564185.jpg	tech-and-sleep	Tech and Sleep	Tech and Sleep	Tech and Sleep	2025-02-14 10:02:06.81	2025-02-14 10:02:06.81	cm74liob2000y5f65z1twa7jq	\N
\.


--
-- Name: PostCategory PostCategory_pkey; Type: CONSTRAINT; Schema: public; Owner: postgres
--

ALTER TABLE ONLY public."PostCategory"
    ADD CONSTRAINT "PostCategory_pkey" PRIMARY KEY (id);


--
-- Name: PostSubCategory PostSubCategory_pkey; Type: CONSTRAINT; Schema: public; Owner: postgres
--

ALTER TABLE ONLY public."PostSubCategory"
    ADD CONSTRAINT "PostSubCategory_pkey" PRIMARY KEY (id);


--
-- Name: Post Post_pkey; Type: CONSTRAINT; Schema: public; Owner: postgres
--

ALTER TABLE ONLY public."Post"
    ADD CONSTRAINT "Post_pkey" PRIMARY KEY (id);


--
-- Name: PostCategory_slug_key; Type: INDEX; Schema: public; Owner: postgres
--

CREATE UNIQUE INDEX "PostCategory_slug_key" ON public."PostCategory" USING btree (slug);


--
-- Name: PostSubCategory_categoryId_idx; Type: INDEX; Schema: public; Owner: postgres
--

CREATE INDEX "PostSubCategory_categoryId_idx" ON public."PostSubCategory" USING btree ("categoryId");


--
-- Name: PostSubCategory_parentCategoryId_idx; Type: INDEX; Schema: public; Owner: postgres
--

CREATE INDEX "PostSubCategory_parentCategoryId_idx" ON public."PostSubCategory" USING btree ("parentCategoryId");


--
-- Name: PostSubCategory_slug_key; Type: INDEX; Schema: public; Owner: postgres
--

CREATE UNIQUE INDEX "PostSubCategory_slug_key" ON public."PostSubCategory" USING btree (slug);


--
-- Name: Post_authorId_idx; Type: INDEX; Schema: public; Owner: postgres
--

CREATE INDEX "Post_authorId_idx" ON public."Post" USING btree ("authorId");


--
-- Name: Post_categoryId_idx; Type: INDEX; Schema: public; Owner: postgres
--

CREATE INDEX "Post_categoryId_idx" ON public."Post" USING btree ("categoryId");


--
-- Name: Post_slug_key; Type: INDEX; Schema: public; Owner: postgres
--

CREATE UNIQUE INDEX "Post_slug_key" ON public."Post" USING btree (slug);


--
-- Name: Post_subcategoryId_idx; Type: INDEX; Schema: public; Owner: postgres
--

CREATE INDEX "Post_subcategoryId_idx" ON public."Post" USING btree ("subcategoryId");


--
-- Name: PostSubCategory PostSubCategory_categoryId_fkey; Type: FK CONSTRAINT; Schema: public; Owner: postgres
--

ALTER TABLE ONLY public."PostSubCategory"
    ADD CONSTRAINT "PostSubCategory_categoryId_fkey" FOREIGN KEY ("categoryId") REFERENCES public."PostCategory"(id) ON UPDATE CASCADE ON DELETE RESTRICT;


--
-- Name: PostSubCategory PostSubCategory_parentCategoryId_fkey; Type: FK CONSTRAINT; Schema: public; Owner: postgres
--

ALTER TABLE ONLY public."PostSubCategory"
    ADD CONSTRAINT "PostSubCategory_parentCategoryId_fkey" FOREIGN KEY ("parentCategoryId") REFERENCES public."PostCategory"(id) ON UPDATE CASCADE ON DELETE SET NULL;


--
-- Name: Post Post_authorId_fkey; Type: FK CONSTRAINT; Schema: public; Owner: postgres
--

ALTER TABLE ONLY public."Post"
    ADD CONSTRAINT "Post_authorId_fkey" FOREIGN KEY ("authorId") REFERENCES public."User"(id) ON UPDATE CASCADE ON DELETE RESTRICT;


--
-- Name: Post Post_categoryId_fkey; Type: FK CONSTRAINT; Schema: public; Owner: postgres
--

ALTER TABLE ONLY public."Post"
    ADD CONSTRAINT "Post_categoryId_fkey" FOREIGN KEY ("categoryId") REFERENCES public."PostCategory"(id) ON UPDATE CASCADE ON DELETE RESTRICT;


--
-- Name: Post Post_subcategoryId_fkey; Type: FK CONSTRAINT; Schema: public; Owner: postgres
--

ALTER TABLE ONLY public."Post"
    ADD CONSTRAINT "Post_subcategoryId_fkey" FOREIGN KEY ("subcategoryId") REFERENCES public."PostSubCategory"(id) ON UPDATE CASCADE ON DELETE SET NULL;


--
-- Name: TABLE "Post"; Type: ACL; Schema: public; Owner: postgres
--

GRANT ALL ON TABLE public."Post" TO root;


--
-- Name: TABLE "PostCategory"; Type: ACL; Schema: public; Owner: postgres
--

GRANT ALL ON TABLE public."PostCategory" TO root;


--
-- Name: TABLE "PostSubCategory"; Type: ACL; Schema: public; Owner: postgres
--

GRANT ALL ON TABLE public."PostSubCategory" TO root;


--
-- PostgreSQL database dump complete
--

